"[u'unacc', u'3']",0.1736111111111111
[u'low'],0.25
[u'acc'],0.2222222222222222
"[u'unacc', u'4']",0.16898148148148148
[u'3'],0.25
[u'5more'],0.25
[u'vhigh'],0.25
"[u'unacc', u'2']",0.1886574074074074
"[u'unacc', u'5more']",0.16898148148148148
"[u'unacc', u'low']",0.14930555555555555
[u'4'],0.25
[u'2'],0.25
"[u'med', u'unacc']",0.1550925925925926
[u'med'],0.25
"[u'unacc', u'vhigh']",0.20833333333333334
[u'unacc'],0.7002314814814815
